"Post ID","Account ID","Account username","Account name",Description,"Duration (sec)","Publish time",Permalink,"Post type","Data comment",Date,Views,Likes,Shares,Comments,Saves,Reach,Follows
18052490609408199,17841463162024025,zlata.jpeg,"Zlata Plotnikova","a little reel from this weekend while I’m catching up on all the admin ❤️‍🔥

ps thank you all for bearing with the delay on replies - I promise I’ll get back to each one of you 🫶🏼
As always grateful for all of those supporting me,

And honestly - grateful for the narcs that keep reporting my content too - you are only fueling my passion 😅",5,"07/22/2025 04:52",https://www.instagram.com/reel/DMaK-iSI3R1/,"IG reel",,Lifetime,4244,132,4,21,35,2487,4
17925205655983850,17841463162024025,zlata.jpeg,"Zlata Plotnikova","EXCITING NEWS & A GIVEAWAY ✨

✨ I now offer Instagram Reels services filmed during your photoshoot — including teaser, short-form, and full-length options.
Check the EXTRAS highlight for the full price list 🎥
In the meantime… enjoy this teaser 👀

🎁 GIVEAWAY TIME:
First person to guess the text on the t-shirt of the absolutely breathtaking @louisehump_fit wins a FREE Teaser Reel added to their next shoot. Ready, set… guess below! 👇",7,"07/20/2025 02:03",https://www.instagram.com/reel/DMUuYSXIuzm/,"IG reel",,Lifetime,2097,71,0,6,11,1301,0
17897531772303614,17841463162024025,zlata.jpeg,"Zlata Plotnikova","Forget HIIT, forget hyrox, forget weightlifting.
Come for a shoot and you’ll be sore for days after",0,"10/18/2025 09:50",https://www.instagram.com/p/DP9TlPaCK6e/,"IG carousel",,Lifetime,304,23,1,4,2,118,0
18056860559537826,17841463162024025,zlata.jpeg,"Zlata Plotnikova","The confidence that gives you shivers 😍🤤🥵",0,"10/16/2025 04:12",https://www.instagram.com/p/DP3jR35CEXM/,"IG carousel",,Lifetime,983,38,1,7,6,287,0
18081052775066591,17841463162024025,zlata.jpeg,"Zlata Plotnikova","This could’ve been your ad.

In all seriousness - wanna do some collabs, potentially with sports nutrition brands, soooo if you know someone who knows someone who wants to bring something creative to their campaign lmkkkk",0,"10/15/2025 07:02",https://www.instagram.com/p/DP1R9ZLCMc2/,"IG image",,Lifetime,939,18,0,0,1,279,0
18053834630300827,17841463162024025,zlata.jpeg,"Zlata Plotnikova","Is it too early to complain about wanting summer back?",0,"10/14/2025 09:12",https://www.instagram.com/p/DPy8FfAiP41/,"IG carousel",,Lifetime,1621,30,1,1,3,572,0
17905256379125717,17841463162024025,zlata.jpeg,"Zlata Plotnikova","I call this pose photoshootasana 🧘🏼‍♀️",0,"10/13/2025 12:37",https://www.instagram.com/p/DPwuvSSCNKr/,"IG image",,Lifetime,1846,40,1,3,1,779,0
18129241312426737,17841463162024025,zlata.jpeg,"Zlata Plotnikova","Ok who’s watched Olympia here last night?

What do we think open bikini results??

Also UK bringing home 3 Olympia title is MAJOR",0,"10/12/2025 00:38",https://www.instagram.com/p/DPs3oaSCME8/,"IG image",,Lifetime,1471,23,0,0,0,288,0
17965822976971766,17841463162024025,zlata.jpeg,"Zlata Plotnikova","Cannot not post a competitor on the Olympia weekend",0,"10/11/2025 02:35",https://www.instagram.com/p/DPqgTdoCHNE/,"IG carousel",,Lifetime,1741,49,0,8,5,334,0
18063584834523258,17841401797663308,kirstytaylor_ifbbpro,"𝗞𝗜𝗥𝗦𝗧𝗬 𝗧𝗔𝗬𝗟𝗢𝗥 🩷","🖤

📸@zlata.jpeg ✖️ @makeoneup_",0,"10/10/2025 14:43",https://www.instagram.com/p/DPpOxGwjKFT/,"IG image",,Lifetime,14125,147,3,9,0,,
18108540127573759,17841463162024025,zlata.jpeg,"Zlata Plotnikova","Took a walk in the forest with @keeping.up.with.kristian",0,"10/09/2025 02:40",https://www.instagram.com/p/DPlXMFCCPCN/,"IG carousel",,Lifetime,1728,19,0,4,0,238,0
18076659221121655,17841426014320610,bethtfitness_,"Beth | 🏃🏼‍♀️🏋🏼‍♀️","A little cheek never hurt nobody 😉

📸: @zlata.jpeg

#photoshoot #fitness #fitnessshoot #glutes",0,"10/08/2025 10:37",https://www.instagram.com/p/DPjpCv6DUYS/,"IG carousel",,Lifetime,4191,68,2,10,0,,
18056687843211009,17841463162024025,zlata.jpeg,"Zlata Plotnikova","another insane shot from this summer with @kirstytaylor_ifbbpro",0,"10/06/2025 02:44",https://www.instagram.com/p/DPdpS80CCvd/,"IG image",,Lifetime,11875,238,8,30,30,2450,0
17940283065083933,17841463162024025,zlata.jpeg,"Zlata Plotnikova","My toxic trait for perfectionism and overplanning is killing my social media progress 😭
Keep convincing myself I’m gonna sit down and plan all posts light years ahead but Jesus Christ - this is daunting to even think about.
Result: I have thousands of photos I’m holding back on posting bc in my head they each deserve a perfect timing 🤦🏼‍♀️

Soooo I’m just gonna start posting whenever I feel like, fuck templating things and overplanning

Enjoy this masterpiece from our shoot with @louisehump_coaching",0,"10/04/2025 11:18",https://www.instagram.com/p/DPZaheWCKlF/,"IG carousel",,Lifetime,19805,1086,98,42,211,7311,61
18290612347257190,17841463162024025,zlata.jpeg,"Zlata Plotnikova","What people at the cafe see vs IG",0,"10/04/2025 01:31",https://www.instagram.com/p/DPYXZAwCE69/,"IG carousel",,Lifetime,4503,29,1,3,1,693,0
18045516338367984,17841463162024025,zlata.jpeg,"Zlata Plotnikova","That moment when you can almost smell lavender through your phone screen 😍",0,"10/01/2025 05:45",https://www.instagram.com/p/DPRGEpNCG9g/,"IG carousel",,Lifetime,3292,33,1,0,3,451,0
18289003282278852,17841463162024025,zlata.jpeg,"Zlata Plotnikova","more neon shoots plzzzzz 😍",0,"09/30/2025 07:10",https://www.instagram.com/p/DPOq_NEiH5I/,"IG image",,Lifetime,4169,46,4,2,5,977,2
18001316060659933,17841463162024025,zlata.jpeg,"Zlata Plotnikova","Omw to get nails done rn - your girl has been feeling like a handicapped cat with half the nails breaking off unable to touch anything 😅

Hope your week started off well 🤍",0,"09/29/2025 03:33",https://www.instagram.com/p/DPLtSp7CPRV/,"IG image",,Lifetime,3644,35,1,6,2,581,0
18076674893018095,17841463162024025,zlata.jpeg,"Zlata Plotnikova","glute pic a day keeps the doctor away - says me",0,"09/24/2025 07:45",https://www.instagram.com/p/DO_SKQ7iP2Z/,"IG image",,Lifetime,11736,151,5,12,18,2079,0
18063879023368310,17841463162024025,zlata.jpeg,"Zlata Plotnikova","Let’s pretend my socks are clean 😅

Trying to share more with you on what to expect from a photoshoot with me ☺️

Would be happy to cover in detail any questions/topics you have, just drop comments below

P.S. two spots left in October - dm to lock in",13,"09/23/2025 00:35",https://www.instagram.com/reel/DO8INAUCOkV/,"IG reel",,Lifetime,828,32,2,2,2,657,0
18529030297038361,17841463162024025,zlata.jpeg,"Zlata Plotnikova","Let me just clean my glasses 🤓🙃",0,"09/22/2025 03:52",https://www.instagram.com/p/DO5t_J4iFWV/,"IG image",,Lifetime,4512,42,2,9,2,904,1
18084410194922780,17841463162024025,zlata.jpeg,"Zlata Plotnikova","@postmalone @swaelee I made you a cover for your track",0,"09/21/2025 10:13",https://www.instagram.com/p/DO30zuhiF9l/,"IG carousel",,Lifetime,4582,27,2,2,2,860,0
18087268132861678,17841404936555811,yasmin.huseyin,"Yasmin Hüseyin","I just need to say how much I actually love being a woman ✨💓⁣
⁣
It’s so easy to get caught up in the hard parts like periods, childbirth (haven’t even been there yet lol), the pressure of being the one to hold it all together sometimes, it’s so easy to complain. But when I really think about it we are just so powerful. Being a woman is actually the most divine, powerful gift. ⁣
⁣
Like, we literally shapeshift. We can become mothers. We get to create and bring actual life into this world through God’s design. That in itself makes me feel so close to something larger than myself ⁣
⁣
And the pleasure, I don’t even know how to explain it. There are things I feel in my body that I honestly don’t think men will ever understand. That kind of softness and ecstasy feels like its own type of power. 😉 ⁣
⁣
And even though I may not be “stronger” than a man, there’s such a different kind of strength in being a woman. The way beauty of a strong woman alone can draw someone in. The way our energy can shift a room. The way we carry both fire and softness at the same time. To be a balance in a man’s chaos ⁣
⁣
I just feel so grateful to be in my body that I built and nurtured in this lifetime, experiencing what it means to be WOMAN 🌸 ⁣.⁣
.⁣
.⁣
#empoweredwomen #empoweredbygod #selflove #woman #beingawomaniscool #mykindoffeminism #toloveoneself #divinefeminism #divinefemale #curvy #body #woman #bikinimodel #sexy",0,"09/19/2025 10:06",https://www.instagram.com/p/DOyqX8dDS3W/,"IG carousel",,Lifetime,9980,94,1,11,0,,
18113665369524840,17841463162024025,zlata.jpeg,"Zlata Plotnikova","Are you seeing double too or is it just me?",0,"09/18/2025 10:01",https://www.instagram.com/p/DOwE_8uCEmw/,"IG image",,Lifetime,8472,108,2,5,6,1782,0
18092187307685716,17841463162024025,zlata.jpeg,"Zlata Plotnikova","Satisfying your visual senses one day at a time 🫶🏼💫",0,"09/17/2025 11:11",https://www.instagram.com/p/DOtoNbsCDY_/,"IG image",,Lifetime,3945,40,1,1,4,547,0
17867306481447248,17841463162024025,zlata.jpeg,"Zlata Plotnikova","A little reminder that not all shoots have to be in the studio, it is your chance to make an experience and visuals unique to you and your story ♥️

For example @prepwithsash was having a “purple moment” this year, so we made a hell of a shoot in a lavender field that now is a reflection of specific part of her journey/phase 🥹

If you aren’t clear what you want, I am also always here to brainstorm and mood board a theme that will align with you 🫶🏼

Also just throwing it out there - Halloween is around the corner and there are just so many cool things we can create together 😉",0,"09/15/2025 10:04",https://www.instagram.com/p/DOoW6RVCMM1/,"IG carousel",,Lifetime,6565,36,1,3,2,1026,2
18525235306045455,17841463162024025,zlata.jpeg,"Zlata Plotnikova","Daily dose of beauty 😍",0,"09/15/2025 02:18",https://www.instagram.com/p/DOnhodaCAmo/,"IG image",,Lifetime,3782,28,1,1,1,513,0
18096584179564559,17841463162024025,zlata.jpeg,"Zlata Plotnikova","Fun fact: each shoot package also included a compulsory stretch & workout class 😅 iykyk",0,"09/14/2025 08:56",https://www.instagram.com/p/DOlqbbmiIq-/,"IG image",,Lifetime,3880,50,0,2,8,607,0
18334108306207123,17841401797663308,kirstytaylor_ifbbpro,"𝗞𝗜𝗥𝗦𝗧𝗬 𝗧𝗔𝗬𝗟𝗢𝗥 🩷","🍑🍑🍑🍑

📸 @zlata.jpeg ✖️ @makeoneup_

⬆️ These girls are bringing the vibes to Wales 🏴󠁧󠁢󠁷󠁬󠁳󠁿
📩 DM to book your spots - guaranteed good times, killer energy, and epic face + glute shots 😍🍑🔥

#gluteday #glutes #studioshoot #zlata.jpeg #makeoneup",0,"09/13/2025 12:23",https://www.instagram.com/p/DOjdUS9DDyx/,"IG carousel",,Lifetime,17146,441,30,36,0,,
18100840687610862,17841463162024025,zlata.jpeg,"Zlata Plotnikova","Another day, another gorgeous lady in your feed 😍🥵",0,"09/13/2025 03:32",https://www.instagram.com/p/DOigjkhiGFB/,"IG image",,Lifetime,6924,115,2,7,3,1184,2
17936269752078016,17841401797663308,kirstytaylor_ifbbpro,"𝗞𝗜𝗥𝗦𝗧𝗬 𝗧𝗔𝗬𝗟𝗢𝗥 🩷","𝙱𝚎 𝚝𝚑𝚎 𝚔𝚒𝚗𝚍 𝚘𝚏 𝚕𝚒𝚐𝚑𝚝 𝚝𝚑𝚊𝚝 𝚖𝚊𝚔𝚎𝚜 𝚘𝚝𝚑𝚎𝚛𝚜 𝚠𝚊𝚗𝚝 𝚝𝚘 𝚐𝚕𝚘𝚠 🤍 ✨

💄@makeoneup_
📸@zlata.jpeg

#cowgirl #cowgirlvibes #shine #photooftheday #photoshoot #studioshoot",0,"09/12/2025 11:10",https://www.instagram.com/p/DOgwKYgjB6C/,"IG carousel",,Lifetime,16411,310,4,39,0,,
17979862178747375,17841463162024025,zlata.jpeg,"Zlata Plotnikova","@ikeauk hire us and your chair sales KPIs will go through the roof",0,"09/10/2025 07:14",https://www.instagram.com/p/DObLkHJCPW-/,"IG carousel",,Lifetime,4727,97,5,12,17,892,0
17978697260911654,17841463162024025,zlata.jpeg,"Zlata Plotnikova","Lavender series are far from over 🪻

#lavender#lavenderfieldsphotography",0,"09/10/2025 02:42",https://www.instagram.com/p/DOasbHNCOUe/,"IG image",,Lifetime,3634,37,0,11,3,476,0
18361983898157411,17841463162024025,zlata.jpeg,"Zlata Plotnikova","@adidas we are coming after you 😈

#fitnessphotography#fitshoot#editorialfitness#aestheticfitness#fitnessportrait#fitandstrong#muscleaesthetic#fitnesseditorial#strongisbeautiful#photographerlife#fitmodelshoot#tonedphysique#studiofitnessshoot#fitspo#fitbodygoals#fitnessinspo#visualstrength#gymphotoshoot#contentcreatorphotographer#londonphotographer#fitnesslifestyle#photoshootvibes#fitculture#bodyaesthetic#fitnessvibes#wellnessphotography#athleticportrait#londonfitshoot#editorialportrait#fitnessstudio",0,"09/09/2025 01:13",https://www.instagram.com/p/DOX9eIgCJmM/,"IG image",,Lifetime,3814,50,1,4,3,517,0
18048893204306921,17841463162024025,zlata.jpeg,"Zlata Plotnikova","Sprint of retouching 2 months worth of work finished, now I can finally start flooding your feeds with the visuals 😍",0,"09/07/2025 03:19",https://www.instagram.com/p/DOTCO04CGl_/,"IG image",,Lifetime,6963,228,11,17,35,2147,6
18054577763629814,17841463162024025,zlata.jpeg,"Zlata Plotnikova","Happy beautiful Friday! 😍",0,"09/05/2025 02:30",https://www.instagram.com/p/DONzAlqiGaJ/,"IG image",,Lifetime,4099,37,0,3,1,534,0
18104767021580513,17841463162024025,zlata.jpeg,"Zlata Plotnikova","Finished retouching the whole series and can now finally proudly start sharing these in the feed with you 😍





 #lavender#lavenderphotoshoot#conceptphotography#londonphotography",0,"09/03/2025 12:34",https://www.instagram.com/p/DOJulwziFDT/,"IG carousel",,Lifetime,9658,95,2,10,7,1227,0
18081095824931498,17841463162024025,zlata.jpeg,"Zlata Plotnikova","What you guys think of the new lighting set ups? Mid July it hit me I want to experiment more and push myself a little, so hence you see the spotlights, neons etc.

#feminineenergy#empoweredbeauty#divinefeminine#softandstrong#beautyandstrength#femalepower#femininestyle#innergoddess#selfexpression#femaleportraits#feminineaesthetic#womensupportingwomen#editorialbeauty#gentlestrength#ownyourpower#authenticbeauty#radiantwoman#softfemcore#femalelens#beautyeditorial#creativewoman#strengthandgrace#feminineform#confidentbeauty#artofbeingawoman#beautyshoot#femininevibes#visualempowerment#graceandpower",0,"09/03/2025 01:39",https://www.instagram.com/p/DOIjlggiCAf/,"IG carousel",,Lifetime,4674,80,1,14,7,704,0
18069859100173144,17841463162024025,zlata.jpeg,"Zlata Plotnikova",Glutemorning!,0,"09/02/2025 00:39",https://www.instagram.com/p/DOF389PiIC2/,"IG image",,Lifetime,14798,436,66,21,52,4451,17
18057681023606233,17841463162024025,zlata.jpeg,"Zlata Plotnikova","Lifetime won’t be enough to show you all the masterpieces from this shoot 😍",0,"08/31/2025 06:50",https://www.instagram.com/p/DOBYy3-iFSU/,"IG image",,Lifetime,9804,196,6,12,29,2863,3
18291849004302012,17841463162024025,zlata.jpeg,"Zlata Plotnikova","360 degree view of an INSANE physique 🤯🥵😍





 #fitnessphotography#fitshoot#editorialfitness#aestheticfitness#fitnessportrait#fitandstrong#muscleaesthetic#fitnesseditorial#strongisbeautiful#photographerlife#fitmodelshoot#tonedphysique#studiofitnessshoot#fitspo#fitbodygoals#fitnessinspo#visualstrength#gymphotoshoot#contentcreatorphotographer#londonphotographer#fitnesslifestyle#photoshootvibes#fitculture#bodyaesthetic#fitnessvibes#wellnessphotography#athleticportrait#londonfitshoot#editorialportrait#fitnessstudio",0,"08/30/2025 11:26",https://www.instagram.com/p/DN_Toj1CPpP/,"IG carousel",,Lifetime,13888,316,11,71,19,2772,5
18042611030367204,17841463162024025,zlata.jpeg,"Zlata Plotnikova","Live love neons 🤩",0,"08/29/2025 03:26",https://www.instagram.com/p/DN736suCDPc/,"IG image",,Lifetime,6770,70,1,14,6,1081,1
18063611360029376,17841463162024025,zlata.jpeg,"Zlata Plotnikova","Can we talk about the perfect color grading here pls? 😍




#editorialvibes #fitnessaesthetics #sculptedelegance #boldandminimal #studiophotography #empoweredwomen #artisticstrength #contemporarymuse #confidenceinmotion #fashionandstrength #athleticeditorial #visualempowerment #studioaesthetics #modernfeminine #bodyasart #artisticportraits #empowerthroughart #sculptedconfidence #creativelighting #boldandbeautiful",0,"08/28/2025 03:44",https://www.instagram.com/p/DN5VN0HiMeU/,"IG carousel",,Lifetime,6346,67,2,7,6,943,0
18343235116167829,17841463162024025,zlata.jpeg,"Zlata Plotnikova","Sorry IG,
I tried,
I really did,
But I’d rather be shadow banned than restricted on what I can post xoxo



#FitnessAesthetics #StrongAndFeminine #ArtisticPhotography #EditorialVibes #BoldAndBeautiful #EmpoweredWomen #ArtOfStrength #ConfidenceInColor #StudioVibes #HighFashionInspo #FitnessPhotography #CreativePortraits #ModernMuse #BoldEditorial #SculptedPhysique #ArtisticLighting #EmpowerThroughArt #FitnessInspiration #VibrantAesthetic #StyleAndStrength",0,"08/27/2025 09:25",https://www.instagram.com/p/DN3XZRqUN2t/,"IG carousel",,Lifetime,9904,377,70,50,122,2285,3
18096662371626546,17841401797663308,kirstytaylor_ifbbpro,"𝗞𝗜𝗥𝗦𝗧𝗬 𝗧𝗔𝗬𝗟𝗢𝗥 🩷","🖤🤍

Another image from the lense of @zlata.jpeg x @makeoneup_

#fitnessmotivation #ifbbbikinipro #abs  #fitnesstrainer",0,"08/26/2025 14:59",https://www.instagram.com/p/DN1Yy2A2PC0/,"IG image",,Lifetime,26607,290,8,18,0,,
18525305971029733,17841463162024025,zlata.jpeg,"Zlata Plotnikova","Another non-butt photo, Mark Zuckerberg hope you notice my efforts",0,"08/26/2025 08:05",https://www.instagram.com/p/DN0pZuF0OuY/,"IG image",,Lifetime,5515,44,0,6,2,696,0
17844279564559808,17841463162024025,zlata.jpeg,"Zlata Plotnikova","Since IG is hating on female butts here are some male pecs instead and BTS",13,"08/26/2025 06:15",https://www.instagram.com/reel/DN0cyezRObC/,"IG reel",,Lifetime,640,18,0,2,0,660,0
18077257916068274,17841463162024025,zlata.jpeg,"Zlata Plotnikova","can’t get enough of this one 🤩🦢",0,"08/25/2025 10:21",https://www.instagram.com/p/DNyUOJiUF_l/,"IG image",,Lifetime,19550,142,6,10,7,3006,4
18086728831809654,17841463162024025,zlata.jpeg,"Zlata Plotnikova","shine bright 🪩",0,"08/25/2025 04:20",https://www.instagram.com/p/DNxq3x2UKIg/,"IG image",,Lifetime,10002,140,1,24,3,1682,0
18284108107257103,17841463162024025,zlata.jpeg,"Zlata Plotnikova","Will never get tired of this series 😍

Hope you won’t either 😉",0,"08/24/2025 03:25",https://www.instagram.com/p/DNu_yGP0I3t/,"IG image",,Lifetime,5388,41,0,6,4,654,0
18019336139727993,17841463162024025,zlata.jpeg,"Zlata Plotnikova","Double posting but can you blame me when the pics are this good 😍

Also don’t forget to check out my telegram channel in bio,
Posting a little different there 🥰

#fitnessphotography#fitshoot#editorialfitness#aestheticfitness#fitnessportrait#fitandstrong#muscleaesthetic#fitnesseditorial#strongisbeautiful#photographerlife#fitmodelshoot#tonedphysique#studiofitnessshoot#fitspo#fitbodygoals#fitnessinspo#visualstrength#gymphotoshoot#contentcreatorphotographer#londonphotographer#fitnesslifestyle#photoshootvibes#fitculture#bodyaesthetic#fitnessvibes#wellnessphotography#athleticportrait#londonfitshoot#editorialportrait#fitnessstudio",0,"08/23/2025 12:00",https://www.instagram.com/p/DNtV59h0O7f/,"IG image",,Lifetime,5438,26,1,5,2,674,0
18042077459365272,17841463162024025,zlata.jpeg,"Zlata Plotnikova","Are you obsessed?
Because I’m obsessed 🤩

#glutegoals#glutesfordays#bootycheck#fitglutes#bootyshoot#fitnessphotography#bodysuitstyle#bootylove#tonedphysique#aestheticfitness#fitspo#strongisbeautiful#femalephotographer#fitnesseditorial#empoweredfemininity#fitandfeminine#fitmodelshoot#gymphotoshoot#muscleaesthetic#femalefitness#peachgoals#gluteshoot#glutefocus#editorialglutes#bootyfitness#bootyeditorial#fitnessinspo#fitgirlportrait#studiofitnessshoot#glutesculpt",0,"08/23/2025 02:45",https://www.instagram.com/p/DNsWZ6II688/,"IG image",,Lifetime,6341,150,1,20,18,988,1
18180449152336799,17841463162024025,zlata.jpeg,"Zlata Plotnikova","goals 😍",0,"08/22/2025 05:06",https://www.instagram.com/p/DNqBzwbo5Dx/,"IG carousel",,Lifetime,13433,134,9,13,3,2623,0
18102295930579925,17841401797663308,kirstytaylor_ifbbpro,"𝗞𝗜𝗥𝗦𝗧𝗬 𝗧𝗔𝗬𝗟𝗢𝗥 🩷","Some wear crowns, others wear cowboy hats 🤠 ✨

📸 @zlata.jpeg X @makeoneup_ 💋

#cowgirl #cowboyboots #abs #fitness #fitnessmotivation #fintessshoot",0,"08/21/2025 04:00",https://www.instagram.com/p/DNnVbUOom-H/,"IG image",,Lifetime,41402,484,11,35,0,,
18038871413415469,17841401797663308,kirstytaylor_ifbbpro,"𝗞𝗜𝗥𝗦𝗧𝗬 𝗧𝗔𝗬𝗟𝗢𝗥 🩷","Humpday coverage brought to you by the Gluteographer 🍑📸 @zlata.jpeg

Swipe for the BTS - makeup look by @makeoneup_ 💄

#humpday #glutes #gluteographer",0,"08/20/2025 12:13",https://www.instagram.com/p/DNlpB0cI6Sw/,"IG carousel",,Lifetime,26914,605,9,49,0,,
18075942971317040,17841463162024025,zlata.jpeg,"Zlata Plotnikova","I think we are all in urgent need of a dose of shiny glutes",0,"08/19/2025 05:04",https://www.instagram.com/p/DNiTHp-IvCq/,"IG image",,Lifetime,5987,101,2,17,17,1100,0
17938974498054638,17841463162024025,zlata.jpeg,"Zlata Plotnikova","Sneak peek of this queen’s purple moment in the lavender fields 🪻🪻🪻",0,"08/18/2025 07:59",https://www.instagram.com/p/DNgCdQXoxA3/,"IG image",,Lifetime,5108,57,1,15,5,681,3
17897436336267913,17841401797663308,kirstytaylor_ifbbpro,"𝗞𝗜𝗥𝗦𝗧𝗬 𝗧𝗔𝗬𝗟𝗢𝗥 🩷","Bikinis & Biceps 💪🏽✨

📸@zlata.jpeg 💄@makeoneup_

#bikini #flex #bicep #girlswithmuscle #fitnessmotivation #bodybuilding #abs",0,"08/16/2025 05:21",https://www.instagram.com/p/DNamv1ioElb/,"IG image",,Lifetime,28798,231,5,14,0,,
17932694688082939,17841463162024025,zlata.jpeg,"Zlata Plotnikova","Ngl I kinda wanna make it into a print or a neon sign, what A FRIGGIN PHOTO (sorry I’m usually more humble about my work 😅)",0,"08/16/2025 00:47",https://www.instagram.com/p/DNaHXPBIfoM/,"IG image",,Lifetime,6012,48,2,7,5,1095,0
17888013759338124,17841463162024025,zlata.jpeg,"Zlata Plotnikova","I’m wondering what would be my glute phone screen time 🤔

I may not recognize your face, but the glutes - I’ll never forget 😅",0,"08/15/2025 07:33",https://www.instagram.com/p/DNYREsLok1k/,"IG image",,Lifetime,5469,79,0,14,13,829,0
18064241411002333,17841463162024025,zlata.jpeg,"Zlata Plotnikova","When a photo comes out looking 3D 👌🏻",0,"08/14/2025 07:42",https://www.instagram.com/p/DNVtT1iIlqH/,"IG image",,Lifetime,5221,44,0,11,2,685,0
17873638386402153,17841463162024025,zlata.jpeg,"Zlata Plotnikova","One of my proudest shots to date 🤩",0,"08/13/2025 04:45",https://www.instagram.com/p/DNS0PEVosHc/,"IG image",,Lifetime,5512,51,2,21,4,863,0
17889347103321692,17841463162024025,zlata.jpeg,"Zlata Plotnikova","Sense stimulation of the day 😍",0,"08/11/2025 04:53",https://www.instagram.com/p/DNNrkYyoOeS/,"IG image",,Lifetime,4976,20,0,4,2,630,0
18492930163071088,17841463162024025,zlata.jpeg,"Zlata Plotnikova","Love a good glute 🤩",0,"08/08/2025 04:45",https://www.instagram.com/p/DNF8NcnISFu/,"IG image",,Lifetime,7646,110,3,14,16,1877,0
17859597177465226,17841463162024025,zlata.jpeg,"Zlata Plotnikova","When in doubt - spray some water 😅






 #fitabs #abscheck #fitnessphotography #daylightstudio #londonfitness #femalefitness #leanphysique #abgoals #aestheticfitness #fitchick #femalephotographer #fitgirlvibes #strongcore #tonedabs #studiofitnessshoot #fitandfeminine #corestrength #fitnessaesthetic #fitmodel #absinspo #fitbody #fitnessmotivation #leanmuscle #editorialfitness #fitspo #femalepower #londonfitgirls #naturalphysique #fitnessinlondon #fitgirlenergy",0,"08/07/2025 11:05",https://www.instagram.com/p/DNEC8LrICiW/,"IG image",,Lifetime,5155,40,0,3,3,702,0
18073626772971482,17841400256640875,kate.athletics,Kate,,0,"08/07/2025 07:38",https://www.instagram.com/p/DNDrOXDsfjC/,"IG carousel",,Lifetime,7007,124,0,20,0,,
18170407162359120,17841401797663308,kirstytaylor_ifbbpro,"𝗞𝗜𝗥𝗦𝗧𝗬 𝗧𝗔𝗬𝗟𝗢𝗥 🩷","Just another day at the Gluteographer’s studio 🍑📸✨

@zlata.jpeg 📸
@makeoneup_ 💄

#glutes #gluteographer #gluteday #fitnessgirls",0,"08/07/2025 03:27",https://www.instagram.com/p/DNDOjhBIet3/,"IG image",,Lifetime,23233,215,2,11,0,,
18047680238537144,17841463162024025,zlata.jpeg,"Zlata Plotnikova","Attempt 2 with this post because some narc complained to IG and got it removed 🙄

P.S. will greatly appreciate your support in fighting the IG reports by commenting/sharing this post 🥹♥️



#fitgirl #glutegoals #fitnessmodel #bodygoals #bootycheck #aestheticfitness #fitspo #fitbabe #glutesfordays #strongisbeautiful #bodysuitstyle #fitnessphotography #bootylove #femaleathlete #gymbody #fitandfeminine #wellnesswarrior #glutesonpoint #fitfashion #femalefitnessmotivation #fitnessvibes #gymshoot #fitcurves #fitnessinspo #bootyfit #bodyaesthetic #tonedphysique #gluteworkout #fitnesseditorial",0,"08/06/2025 11:55",https://www.instagram.com/p/DNBj3K6oOCf/,"IG image",,Lifetime,5481,109,0,17,27,1011,0
18097589128549744,17841404936555811,yasmin.huseyin,"Yasmin Hüseyin","Life’s too short to not do main character shit 😉

Agreed?
.
.
.
#maincharacter #maincharacterenergy #art #characterdesign #maincharactervibes #model #modelling #fitnessmodel #originalcharacter #artist #drawing #love #characterart #magic #mmorpg #magical #sketch #explorepage #modelpose #gamergirl #screenshot #sorceressbdo #life #istooshort #lifeisbeautiful #lifeistooshort  #fitnessmodelling #beautyalbum #bdogallery #sorceress",16,"08/06/2025 05:03",https://www.instagram.com/reel/DNA0TbfNEaP/,"IG reel",,Lifetime,3435,69,3,6,0,,
18039760214376685,17841463162024025,zlata.jpeg,"Zlata Plotnikova","Feminine energy 🤤








#fitandfeminine #strongnotskinny #leanphysique #fitmodelvibes #editorialfitness #femininepower #fitgirlsuk #absandcurves #daylightstudio #softaesthetic #muscleandfemininity #londongirlfitness #femalephysique #fitnesseditorial #bodyconfidence #femalefitnessmodel #fitnessportrait #modernfitness #femaleflex #fitnessaesthetic #fitnessart #studiofitnessshoot #loungefit #aestheticstrength #femalefitnessphotographer #femalephotographer #fitnessshootlondon #naturalphysique #fitinlingerie #fitreels",0,"08/06/2025 02:05",https://www.instagram.com/p/DNA3NUSRV37/,"IG image",,Lifetime,4580,45,0,6,6,613,0
18035570579453770,17841463162024025,zlata.jpeg,"Zlata Plotnikova","Yes, I do shoot boys too, pls don’t be scared to come for a shoot 🫶🏼",0,"08/05/2025 03:59",https://www.instagram.com/p/DM-Ilo-RiNe/,"IG image",,Lifetime,5129,36,0,6,0,720,0
18068083130165487,17841463162024025,zlata.jpeg,"Zlata Plotnikova","I’ve been ACHING for someone to finally to pull out this bikini colour 😍",0,"08/04/2025 06:30",https://www.instagram.com/p/DM71HPEI7KQ/,"IG image",,Lifetime,4865,47,1,11,1,822,0
18302706295223419,17841463162024025,zlata.jpeg,"Zlata Plotnikova","Gluteography in action 😤",0,"07/30/2025 23:03",https://www.instagram.com/p/DMwuv7FIKL7/,"IG image",,Lifetime,5027,43,1,7,1,864,0
18131081584439874,17841463162024025,zlata.jpeg,"Zlata Plotnikova","It’s break the internet o’clock 🍋 🛜",0,"07/25/2025 04:14",https://www.instagram.com/p/DMh1oBUoHlZ/,"IG image",,Lifetime,22114,273,0,38,22,4251,4
17991271895676403,17841463162024025,zlata.jpeg,"Zlata Plotnikova","How dreamy is this? 🤍",0,"07/24/2025 06:42",https://www.instagram.com/p/DMfhqjTR2fC/,"IG image",,Lifetime,5282,42,0,5,3,737,0
18169138165355102,17841463162024025,zlata.jpeg,"Zlata Plotnikova","Gonna take a short pause on reels so IG doesn’t come after me more often than I want to 😅",0,"07/23/2025 04:51",https://www.instagram.com/p/DMcwNkTI_Oi/,"IG image",,Lifetime,4999,37,0,7,3,647,0
